{
    "TransportData": [
    ],
    "NpcsTimers": [
    ],
    "FactionData": [
        {
            "Points": 2000,
            "Faction": 0
        }
    ],
    "BankData": [
    ],
    "ItemGiversList": [
    ],
    "AllowAnimation": 0b,
    "QuestData": {
        "CompletedQuests": [
        ],
        "ActiveQuests": [
        ]
    },
    "PlayerCompanionId": 0,
    "DialogData": [
    ],
    "ItemGiverChained": [
    ],
    "SkinOverlayData": [
    ],
    "isGUIOpen": 0b,
    "MailData": [
    ],
    "PlayerName": "LokiGodOfLies",
    "UUID": "1088a005-e25c-41c1-8440-9084388190b6",
    "TrackedQuestID": -1
}
